<xml xmlns:o="urn:schemas-microsoft-com:office:office">
 <o:MainFile HRef="../temp-TStepping.htm"/>
 <o:File HRef="image001.wmz"/>
 <o:File HRef="image002.pcz"/>
 <o:File HRef="image003.gif"/>
 <o:File HRef="image004.wmz"/>
 <o:File HRef="image005.gif"/>
 <o:File HRef="oledata.mso"/>
 <o:File HRef="image006.wmz"/>
 <o:File HRef="image007.gif"/>
 <o:File HRef="image008.wmz"/>
 <o:File HRef="image009.gif"/>
 <o:File HRef="image010.wmz"/>
 <o:File HRef="image011.gif"/>
 <o:File HRef="image012.wmz"/>
 <o:File HRef="image013.gif"/>
 <o:File HRef="image014.wmz"/>
 <o:File HRef="image015.gif"/>
 <o:File HRef="image016.wmz"/>
 <o:File HRef="image017.gif"/>
 <o:File HRef="image018.wmz"/>
 <o:File HRef="image019.gif"/>
 <o:File HRef="image020.wmz"/>
 <o:File HRef="image021.gif"/>
 <o:File HRef="image022.wmz"/>
 <o:File HRef="image023.gif"/>
 <o:File HRef="image024.wmz"/>
 <o:File HRef="image025.pcz"/>
 <o:File HRef="image026.gif"/>
 <o:File HRef="image027.wmz"/>
 <o:File HRef="image028.gif"/>
 <o:File HRef="filelist.xml"/>
</xml>