<xml xmlns:o="urn:schemas-microsoft-com:office:office">
 <o:MainFile HRef="../T-Basic-Concepts.html"/>
 <o:File HRef="image001.wmz"/>
 <o:File HRef="image002.pcz"/>
 <o:File HRef="image003.gif"/>
 <o:File HRef="image004.png"/>
 <o:File HRef="image005.jpg"/>
 <o:File HRef="oledata.mso"/>
 <o:File HRef="image006.wmz"/>
 <o:File HRef="image007.gif"/>
 <o:File HRef="image008.wmz"/>
 <o:File HRef="image009.gif"/>
 <o:File HRef="image010.wmz"/>
 <o:File HRef="image011.gif"/>
 <o:File HRef="image012.wmz"/>
 <o:File HRef="image013.gif"/>
 <o:File HRef="image014.wmz"/>
 <o:File HRef="image015.gif"/>
 <o:File HRef="image016.wmz"/>
 <o:File HRef="image017.gif"/>
 <o:File HRef="image018.wmz"/>
 <o:File HRef="image019.gif"/>
 <o:File HRef="image020.wmz"/>
 <o:File HRef="image021.gif"/>
 <o:File HRef="image022.wmz"/>
 <o:File HRef="image023.gif"/>
 <o:File HRef="image024.wmz"/>
 <o:File HRef="image025.gif"/>
 <o:File HRef="image026.wmz"/>
 <o:File HRef="image027.gif"/>
 <o:File HRef="image028.wmz"/>
 <o:File HRef="image029.gif"/>
 <o:File HRef="image030.wmz"/>
 <o:File HRef="image031.gif"/>
 <o:File HRef="image032.wmz"/>
 <o:File HRef="image033.gif"/>
 <o:File HRef="image034.wmz"/>
 <o:File HRef="image035.gif"/>
 <o:File HRef="image036.wmz"/>
 <o:File HRef="image037.gif"/>
 <o:File HRef="image038.wmz"/>
 <o:File HRef="image039.gif"/>
 <o:File HRef="image040.wmz"/>
 <o:File HRef="image041.gif"/>
 <o:File HRef="image042.wmz"/>
 <o:File HRef="image043.gif"/>
 <o:File HRef="image044.wmz"/>
 <o:File HRef="image045.gif"/>
 <o:File HRef="image046.wmz"/>
 <o:File HRef="image047.gif"/>
 <o:File HRef="image048.wmz"/>
 <o:File HRef="image049.gif"/>
 <o:File HRef="image050.wmz"/>
 <o:File HRef="image051.gif"/>
 <o:File HRef="image052.wmz"/>
 <o:File HRef="image053.gif"/>
 <o:File HRef="image054.wmz"/>
 <o:File HRef="image055.gif"/>
 <o:File HRef="image056.wmz"/>
 <o:File HRef="image057.gif"/>
 <o:File HRef="image058.wmz"/>
 <o:File HRef="image059.gif"/>
 <o:File HRef="image060.wmz"/>
 <o:File HRef="image061.gif"/>
 <o:File HRef="image062.wmz"/>
 <o:File HRef="image063.gif"/>
 <o:File HRef="image064.wmz"/>
 <o:File HRef="image065.gif"/>
 <o:File HRef="image066.wmz"/>
 <o:File HRef="image067.gif"/>
 <o:File HRef="image068.wmz"/>
 <o:File HRef="image069.gif"/>
 <o:File HRef="image070.wmz"/>
 <o:File HRef="image071.gif"/>
 <o:File HRef="image072.wmz"/>
 <o:File HRef="image073.gif"/>
 <o:File HRef="image074.wmz"/>
 <o:File HRef="image075.gif"/>
 <o:File HRef="image076.wmz"/>
 <o:File HRef="image077.gif"/>
 <o:File HRef="image078.wmz"/>
 <o:File HRef="image079.gif"/>
 <o:File HRef="image080.wmz"/>
 <o:File HRef="image081.gif"/>
 <o:File HRef="image082.wmz"/>
 <o:File HRef="image083.gif"/>
 <o:File HRef="image084.wmz"/>
 <o:File HRef="image085.gif"/>
 <o:File HRef="image086.wmz"/>
 <o:File HRef="image087.gif"/>
 <o:File HRef="filelist.xml"/>
</xml>